Type,Name,Request Count,Failure Count,Median Response Time,Average Response Time,Min Response Time,Max Response Time,Average Content Size,Requests/s,Failures/s,50%,66%,75%,80%,90%,95%,98%,99%,99.9%,99.99%,100%
POST,/api/v1/auth/login,300,0,51,72.3019892067047,17.433720000553876,592.3793080000905,517.0,1.6624657502971927,0.0,51,63,78,96,120,190,300,570,590,590,590
POST,/api/v1/auth/register,300,0,94,187.81369974014524,46.808560997305904,1465.7283560009091,517.0,1.6624657502971927,0.0,95,110,140,250,470,650,1300,1400,1500,1500,1500
GET,GET /dashboard/overview (initial),300,0,54,107.64582533993234,18.31404899712652,730.4323349962942,141.0,1.6624657502971927,0.0,54,85,140,160,210,420,530,710,730,730,730
GET,GET /dashboard/overview (no cache),19529,0,18,93.65789994974959,5.9980340010952204,1731.5566140023293,141.0,108.22097879184626,0.0,18,26,45,91,320,520,740,890,1300,1700,1700
,Aggregated,20429,0,19,94.93237957828067,5.9980340010952204,1731.5566140023293,152.04312496940625,113.20837604273784,0.0,19,30,56,99,310,520,740,890,1300,1600,1700
