Type,Name,Request Count,Failure Count,Median Response Time,Average Response Time,Min Response Time,Max Response Time,Average Content Size,Requests/s,Failures/s,50%,66%,75%,80%,90%,95%,98%,99%,99.9%,99.99%,100%
POST,/api/v1/auth/login,300,0,970.0,1479.48076884352,30.643787002190948,9211.51384300174,517.0,1.6589081395533227,0.0,980,1500,2200,2600,3900,4500,6000,7200,9200,9200,9200
POST,/api/v1/auth/register,300,0,2100.0,2989.618276186764,57.802424002147745,17016.60169800016,517.0,1.6589081395533227,0.0,2100,3600,4500,4900,6500,8800,11000,12000,17000,17000,17000
GET,GET /dashboard/overview,20623,0,320.0,899.1259937578609,9.429181001905818,16478.75125099381,1793.779614992969,114.03887520669392,0.0,320,540,1000,1300,2300,3500,5100,6600,11000,15000,16000
POST,POST /transactions/manual,6752,0,380.0,951.0035007726607,18.200860999058932,16158.895233995281,98.0,37.33649252754678,0.0,380,580,1100,1300,2400,3500,5400,6800,12000,16000,16000
,Aggregated,27975,0,340.0,940.2888550489519,9.429181001905818,17016.60169800016,1357.1050223413763,154.69318401334735,0.0,340,590,1100,1400,2400,3700,5500,6900,12000,16000,17000
